{"1970": {"75": 0.0017793505036197406, "77": 1.2162596513877764, "78": 0.35396365375578415, "91": 0.32485856337514696, "92": 0.0017927290788349267, "95": 0.2298606454159148, "18": 1.5413891309110308, "28": 1.5673000864590423, "36": 1.5928531651200475, "37": 1.247164160134856, "41": 1.1798833053776856, "45": 1.3794515118626154, "21": 1.5179732796406515, "25": 0.774826872875106, "39": 0.6736413638788503, "58": 1.3063576661744465, "70": 0.8368198457784742, "71": 1.8699669381959994, "89": 1.4055430781760319, "90": 0.07863257582725584, "14": 1.4804630993810737, "27": 1.3572397323616028, "50": 1.6473474466153042, "61": 1.5561657672362037, "76": 1.4859182134250657, "02": 1.6950052761756005, "59": 1.3641464218164427, "60": 1.2962066722299244, "62": 1.7283781320498819, "80": 1.6173794381332873, "08": 1.0495592595627548, "10": 1.1907333298772014, "51": 1.848166549882854, "52": 1.0367459291504102, "54": 0.9130676905736231, "55": 1.064014810082763, "57": 1.0782262016050945, "67": 0.6537139760958308, "68": 0.46977194546223816, "88": 0.7696259517602024, "44": 1.6565084259939027, "49": 1.7862772609374034, "53": 1.5050897117084274, "72": 1.521682489619062, "85": 1.8367144894986545, "22": 1.6891053245057033, "29": 1.5553530187918811, "35": 1.7806047450461646, "56": 1.4368723566861938, "16": 1.3362621264241912, "17": 1.5362450687407918, "19": 0.8378734085766701, "23": 1.1453364795282714, "24": 1.389612539738549, "33": 1.0787579999698982, "40": 0.6810798516984937, "47": 1.1608455928464758, "64": 1.1320314864767689, "79": 1.6245904901742727, "86": 1.6343200589995166, "87": 1.129827366210067, "09": 0.4707184796587126, "11": 0.8316088907321593, "12": 1.7844778425709609, "30": 0.76190651386104, "31": 1.3298337210332942, "32": 1.606817053000898, "34": 0.8589245966777653, "46": 0.7745291995765682, "48": 0.9257639584528348, "65": 0.4765247813021033, "66": 0.3731552199019685, "81": 1.1313960041540476, "82": 0.8487802920208506, "01": 1.0102998305937914, "03": 1.7803037271038227, "07": 0.6207959917788656, "15": 1.2134635291678024, "26": 0.855626777887222, "38": 0.9871314829648931, "42": 0.9137633764848129, "43": 0.8885915872174404, "63": 1.364684909468854, "69": 0.5949084487374806, "73": 0.37217189462365236, "74": 0.5129579862568586, "04": 0.5583949723314341, "05": 0.31133616847639767, "06": 0.09170344381249258, "13": 0.629023815536205, "83": 0.3324408708783536, "84": 0.4822608454256143, "2A": 0.18207237474727037, "2B": 0.26644770398564477, "93": 0.0, "94": 0.0}, "1979": {"75": 0.0, "77": 1.2007335693346644, "78": 0.3348686778927676, "91": 0.31161574518529006, "92": 0.0008442665856170745, "95": 0.22252697194397025, "18": 1.6110844268619993, "28": 1.5714106785957127, "36": 1.6223243615259377, "37": 1.2574994776736244, "41": 1.164667450173183, "45": 1.3771445981823383, "21": 1.5632901224810425, "25": 0.7901419771584184, "39": 0.6889350963789643, "58": 1.3172728738095418, "70": 0.832629947376762, "71": 1.846034662941315, "89": 1.4521283553747943, "90": 0.07372922451503328, "14": 1.4530675595684326, "27": 1.3738862038498965, "50": 1.6816671477969016, "61": 1.5439092879292868, "76": 1.4598623797996642, "02": 1.7204966294775712, "59": 1.3369825993605138, "60": 1.2910768752534072, "62": 1.7259792763407955, "80": 1.633625327509318, "08": 1.0774706478345715, "10": 1.2595847144212329, "51": 1.9051197614190785, "52": 1.0659459003465699, "54": 0.9086241119688724, "55": 1.1010795965721285, "57": 1.05151199329849, "67": 0.657815904721159, "68": 0.4654417952104926, "88": 0.7693302972286288, "44": 1.6329946705417486, "49": 1.7796664936767823, "53": 1.5111320787599685, "72": 1.5047916027956956, "85": 1.812464046619248, "22": 1.665293801042103, "29": 1.4818370454277132, "35": 1.7734752053822571, "56": 1.4385997462317737, "16": 1.347069720212766, "17": 1.5533284548965325, "19": 0.8577646791003739, "23": 1.1666747024570598, "24": 1.3333953140288557, "33": 0.999042011722489, "40": 0.7310195817632178, "47": 1.1585846620021107, "64": 1.1697160965425961, "79": 1.6311908559893458, "86": 1.6503106121190432, "87": 1.13117142768599, "09": 0.4772988243265686, "11": 0.858612336314849, "12": 1.773315845825936, "30": 0.7076445864168559, "31": 1.2965188345703365, "32": 1.626579600742602, "34": 0.8268828314626216, "46": 0.7797022309049446, "48": 0.9266283512043209, "65": 0.47398278930354243, "66": 0.34573225275347885, "81": 1.1334363677630672, "82": 0.8087531389594308, "01": 1.0037956733812647, "03": 1.8002781265039558, "07": 0.6109336795029772, "15": 1.277941579057903, "26": 0.8592023057361234, "38": 0.9719576684055845, "42": 0.9266622574928999, "43": 0.8684044724564638, "63": 1.4322016295769167, "69": 0.5925123929180071, "73": 0.3963712947462138, "74": 0.5014977424854001, "04": 0.5381334872950085, "05": 0.29561875823371836, "06": 0.11119228276596924, "13": 0.5021826495146959, "83": 0.2875795772116377, "84": 0.4801639057114939, "2A": 0.18639643083418897, "2B": 0.2710027927253651, "93": 0.0, "94": 0.0}, "1988": {"75": 0.0, "77": 1.2082319453922241, "78": 0.33081531712637124, "91": 0.3155092003873376, "92": 0.0002325732350384414, "95": 0.2169820849361651, "18": 1.5957741478166934, "28": 1.6020448818080304, "36": 1.6086356225814131, "37": 1.2406750373446165, "41": 1.1510818817266126, "45": 1.3703337415430776, "21": 1.5962427916286506, "25": 0.7894882073828607, "39": 0.6845224855300978, "58": 1.3341799698557109, "70": 0.8421529300870166, "71": 1.8706809576449515, "89": 1.4852616417418105, "90": 0.07212393292601892, "14": 1.4926043110194527, "27": 1.3833281152992478, "50": 1.7073935625966838, "61": 1.5446849776296023, "76": 1.4835864149811577, "02": 1.76195384459995, "59": 1.337497198629154, "60": 1.3133270688945573, "62": 1.731869709745805, "80": 1.6667771826700835, "08": 1.106667388518031, "10": 1.3130018160996915, "51": 1.9430566991863505, "52": 1.088661323847423, "54": 0.9313578807563099, "55": 1.1430257547053937, "57": 1.060598652600078, "67": 0.6753367170815493, "68": 0.47649534447838265, "88": 0.7680792290627432, "44": 1.5633223125096, "49": 1.76030834524528, "53": 1.5076673624978072, "72": 1.4708473471822476, "85": 1.773603490403154, "22": 1.612136461803571, "29": 1.4125361660123839, "35": 1.7301507662116484, "56": 1.3904504520384326, "16": 1.3586158975732086, "17": 1.5648174261634187, "19": 0.8384597370614439, "23": 1.1583003953675048, "24": 1.2907394863607864, "33": 0.9631871892087138, "40": 0.7865399481777869, "47": 1.1677029990126304, "64": 1.1847542893499226, "79": 1.6500983592430412, "86": 1.6799341828236867, "87": 1.104411603005252, "09": 0.4826436715039102, "11": 0.8646041162874568, "12": 1.8088164771247262, "30": 0.7165441477859168, "31": 1.2868609342155588, "32": 1.6582436684822066, "34": 0.7466195392853615, "46": 0.7358966890804313, "48": 0.8989952276671638, "65": 0.46551194230337173, "66": 0.33995212278859577, "81": 1.144645023995962, "82": 0.8005712838014595, "01": 0.9573711096618127, "03": 1.808830466492247, "07": 0.5430794878660423, "15": 1.3391479439966447, "26": 0.8137842414251473, "38": 0.9507209140764652, "42": 0.9148574217651617, "43": 0.8631334840268002, "63": 1.4537418480458113, "69": 0.5725096197885758, "73": 0.37607791574092025, "74": 0.49229108908065516, "04": 0.4928559097943199, "05": 0.3057411245157231, "06": 0.19424236803060202, "13": 0.562762527968243, "83": 0.29745767027228626, "84": 0.46057894158124063, "2A": 0.18320475705644682, "2B": 0.2548495541448677, "93": 0.0, "94": 0.0}, "2000": {"75": 0.0, "77": 1.2300835505791037, "78": 0.32686267070155706, "91": 0.3152809366614316, "92": 0.0001202690918611913, "95": 0.21400359094787322, "18": 1.5884064616382614, "28": 1.6334948056587004, "36": 1.6541110820769958, "37": 1.2247737599264858, "41": 1.0624212562803128, "45": 1.3299230523735455, "21": 1.6459291937082894, "25": 0.7902469162152194, "39": 0.6792044382669612, "58": 1.3384011258192232, "70": 0.8538172090386854, "71": 1.8830549663317449, "89": 1.5057349239417366, "90": 0.07376444465450648, "14": 1.42798005852294, "27": 1.3838646376038262, "50": 1.6311845620583219,